Egor;Eremin;4564;egor_eremin@mail.ru;Afghanistan;ES;;"17.01.20 / 16:21";http://localhost:3000/contacts.html
Egor;Eremin;34325345345;egor_eremin@mail.ru;"Aland Islands";EN;;"17.01.20 / 16:21";http://localhost:3000/contacts.html
Egor;Eremin;4564;egor_eremin@mail.ru;"Aland Islands";RU;;"17.01.20 / 16:22";http://localhost:3000/contacts.html
Egor;Eremin;4564;egor_eremin@mail.ru;Afghanistan;EN;;"17.01.20 / 16:23";http://localhost:3000/contacts.html
Egor;Eremin;4564;egor_eremin@mail.ru;Afghanistan;EN;;"17.01.20 / 16:25";http://localhost:3000/contacts.html
Egor;Eremin;34325345345;egor_eremin@mail.ru;Afghanistan;EN;;"17.01.20 / 16:29";http://localhost:3000/contacts.html
Egor;Eremin;4564;egor_eremin@mail.ru;Algeria;EN;;"17.01.20 / 16:31";http://localhost:3000/contacts.html
Egor;Eremin;34325345345;egor_eremin@mail.ru;Algeria;EN;;"17.01.20 / 16:36";http://localhost:3000/contacts.html
Egor;Eremin;4564;egor_eremin@mail.ru;Algeria;EN;;"17.01.20 / 16:45";http://localhost:3000/contacts.html
Egor;Eremin;34325345345;egor_eremin@mail.ru;Algeria;EN;;"17.01.20 / 17:19";http://localhost:3000/contacts.html
Egor;Eremin;34325345345;egor_eremin@mail.ru;Algeria;EN;;"17.01.20 / 17:19";http://localhost:3000/contacts.html
Egor;Eremin;34325345345;egor_eremin@mail.ru;Afghanistan;EN;;"17.01.20 / 17:22";http://localhost:3000/contacts.html
Egor;Eremin;34325345345;egor_eremin@mail.ru;"American Samoa";EN;;"17.01.20 / 17:26";http://localhost:3000/contacts.html
Egor;Eremin;34325345345;egor_eremin@mail.ru;Algeria;EN;;"17.01.20 / 17:26";http://localhost:3000/contacts.html
Egor;Eremin;34325345345;egor_eremin@mail.ru;Algeria;EN;;"17.01.20 / 17:27";http://localhost:3000/contacts.html
Egor;Eremin;34325345345;egor_eremin@mail.ru;"Aland Islands";EN;;"17.01.20 / 17:30";http://localhost:3000/contacts.html
Egor;Eremin;34325345345;egor_eremin@mail.ru;Afghanistan;EN;;"17.01.20 / 17:31";http://localhost:3000/contacts.html
Egor;Eremin;34325345345;egor_eremin@mail.ru;"Aland Islands";EN;;"17.01.20 / 17:33";http://localhost:3000/contacts.html
Egor;Eremin;34325345345;egor_eremin@mail.ru;"Aland Islands";EN;;"17.01.20 / 17:33";http://localhost:3000/contacts.html
Egor;Eremin;34325345345;egor_eremin@mail.ru;Afghanistan;EN;;"17.01.20 / 17:34";http://localhost:3000/contacts.html
Egor;Eremin;4564;egor_eremin@mail.ru;Algeria;EN;;"17.01.20 / 17:34";http://localhost:3000/contacts.html
Egor;Eremin;4564;egor_eremin@mail.ru;"Aland Islands";EN;;"17.01.20 / 17:41";http://localhost:3000/contacts.html
Egor;Eremin;34325345345;egor_eremin@mail.ru;"Aland Islands";EN;;"17.01.20 / 17:41";http://localhost:3000/contacts.html
Egor;Eremin;34325345345;egor_eremin@mail.ru;"American Samoa";EN;;"17.01.20 / 17:42";http://localhost:3000/contacts.html
Egor;Eremin;4564;egor_eremin@mail.ru;Algeria;EN;;"17.01.20 / 17:43";http://localhost:3000/contacts.html
Egor;Eremin;34325345345;egor_eremin@mail.ru;Algeria;EN;;"17.01.20 / 17:44";http://localhost:3000/contacts.html
Egor;Eremin;34325345345;egor_eremin@mail.ru;Algeria;EN;;"17.01.20 / 17:45";http://localhost:3000/contacts.html
Egor;Eremin;34325345345;egor_eremin@mail.ru;Albania;RU;;"17.01.20 / 18:58";http://localhost:3000/ru/contacts.html
Egor;Eremin;34325345345;egor_eremin@mail.ru;"Aland Islands";EN;;"17.01.20 / 19:13";http://localhost:3000/es/contacts.html
Egor;Eremin;34325345345;egor_eremin@mail.ru;Algeria;DE;;"17.01.20 / 19:13";http://localhost:3000/ru/contacts.html
Egor;Eremin;34325345345;egor_eremin@mail.ru;Algeria;ES;;"17.01.20 / 19:18";http://localhost:3000/es/contacts.html
Egor;Eremin;4564;egor_eremin@mail.ru;Afghanistan;EN;;"17.01.20 / 19:31";http://localhost:3000/de/contacts.html
Egor;Eremin;34325345345;egor_eremin@mail.ru;"Aland Islands";EN;;"17.01.20 / 19:43";http://localhost:3000/fr/contacts.html
Egor;Eremin;34325345345;egor_eremin@mail.ru;"Aland Islands";EN;;"17.01.20 / 19:43";http://localhost:3000/fr/contacts.html
Egor;Eremin;34325345345;egor_eremin@mail.ru;"Aland Islands";RU;;"17.01.20 / 19:55";http://localhost:3000/it/contacts.html
Egor;Eremin;4564;egor_eremin@mail.ru;Albania;DE;;"21.01.20 / 11:30";http://localhost:3000/contacts.html
Egor;Eremin;34325345345;egor_eremin@mail.ru;Algeria;FR;;"21.01.20 / 11:30";http://localhost:3000/contacts.html
Egor;Eremin;34325345345;egor_eremin@mail.ru;Albania;DE;;"21.01.20 / 11:39";http://localhost:3000/contacts.html
Egor;Eremin;34325345345;egor_eremin@mail.ru;Afghanistan;ES;;"21.01.20 / 11:43";http://192.168.0.16:3000/it/contacts.html
